probe_id,Predicted hits gene ids,Predicted hits gene names,Predicted hits are annotated ortholog
ENSG00000008838|MED24|3c8762b,ENSMMUG00000002926;ENSMMUG00000007527,;,True;False
ENSG00000008838|MED24|52c6f67,ENSMMUG00000002926;ENSMMUG00000007527,;,True;False
ENSG00000008838|MED24|e1d83bf,ENSMMUG00000002926;ENSMMUG00000007527,;,True;False
ENSG00000035141|FAM136A|10ad312,ENSMMUG00000052876;ENSMMUG00000048757,;FAM136A,True;True
ENSG00000035141|FAM136A|6881757,ENSMMUG00000052876;ENSMMUG00000048757,;FAM136A,True;True
ENSG00000035141|FAM136A|a486e7d,ENSMMUG00000052876;ENSMMUG00000048757,;FAM136A,True;True
ENSG00000053501|USE1|04913e8,ENSMMUG00000057690;ENSMMUG00000011589,;USE1,True;True
ENSG00000053501|USE1|9c08aff,ENSMMUG00000057690;ENSMMUG00000011589,;USE1,True;True
ENSG00000053501|USE1|cd25c14,ENSMMUG00000057690;ENSMMUG00000011589,;USE1,True;True
ENSG00000056736|IL17RB|174a36c,ENSMMUG00000057104;ENSMMUG00000019267,;IL17RB,True;True
ENSG00000056736|IL17RB|ad39fb8,ENSMMUG00000057104;ENSMMUG00000019267,;IL17RB,True;True
ENSG00000056736|IL17RB|af3ca2b,ENSMMUG00000057104;ENSMMUG00000019267,;IL17RB,True;True
ENSG00000059915|PSD|55687c2,ENSMMUG00000002993;ENSMMUG00000059687,PSD;,True;True
ENSG00000059915|PSD|6e01f7e,ENSMMUG00000002993;ENSMMUG00000059687,PSD;,True;True
ENSG00000059915|PSD|8622512,ENSMMUG00000002993;ENSMMUG00000059687,PSD;,True;True
ENSG00000063046|EIF4B|68d0f8b,ENSMMUG00000063977;ENSMMUG00000001062,;EIF4B,True;True
ENSG00000065978|YBX1|4e779d7,ENSMMUG00000064760;ENSMMUG00000013129;ENSMMUG00000013136,;PPIH;YBX1,True;True;True
ENSG00000066427|ATXN3|4dad119,ENSMMUG00000020751;ENSMMUG00000021276,ATXN3;,True;True
ENSG00000066427|ATXN3|62758bb,ENSMMUG00000020751;ENSMMUG00000021276,ATXN3;,True;True
ENSG00000066427|ATXN3|a12dc79,ENSMMUG00000020751;ENSMMUG00000021276,ATXN3;,True;True
ENSG00000073008|PVR|49044eb,ENSMMUG00000063402;ENSMMUG00000003101,PVR;,True;True
ENSG00000073008|PVR|4cdc02d,ENSMMUG00000063402;ENSMMUG00000003101,PVR;,True;True
ENSG00000073008|PVR|ed14741,ENSMMUG00000063402;ENSMMUG00000003101,PVR;,True;True
ENSG00000074800|ENO1|8bbfbe7,ENSMMUG00000053002;ENSMMUG00000011916,ENO1;,True;True
ENSG00000077150|NFKB2|1ffcd83,ENSMMUG00000002990;ENSMMUG00000063121,NFKB2;,True;True
ENSG00000077150|NFKB2|3722eb4,ENSMMUG00000002990;ENSMMUG00000063121,NFKB2;,True;True
ENSG00000077150|NFKB2|862e666,ENSMMUG00000002990;ENSMMUG00000063121,NFKB2;,True;True
ENSG00000079462|PAFAH1B3|4f600e0,ENSMMUG00000021893;ENSMMUG00000012172,;PAFAH1B3,True;True
ENSG00000079462|PAFAH1B3|6113dea,ENSMMUG00000021893;ENSMMUG00000012172,;PAFAH1B3,True;True
ENSG00000079462|PAFAH1B3|f11eb7a,ENSMMUG00000021893;ENSMMUG00000012172,;PAFAH1B3,True;True
ENSG00000087086|FTL|94807e2,ENSMMUG00000003915;ENSMMUG00000003909;ENSMMUG00000002075,RUVBL2;FTL;,True;True;True
ENSG00000088053|GP6|8ab5d19,ENSMMUG00000052738;ENSMMUG00000003117,;GP6,True;True
ENSG00000088053|GP6|e34eed6,ENSMMUG00000052738;ENSMMUG00000003117,;GP6,True;True
ENSG00000088053|GP6|f56f2a7,ENSMMUG00000052738;ENSMMUG00000003117,;GP6,True;True
ENSG00000088682|COQ9|220fe75,ENSMMUG00000020473;ENSMMUG00000056670,;,True;False
ENSG00000088682|COQ9|36b1678,ENSMMUG00000020473;ENSMMUG00000056670,;,True;False
ENSG00000088682|COQ9|6194e7b,ENSMMUG00000020473;ENSMMUG00000056670,;,True;False
ENSG00000089248|ERP29|ff531f8,ENSMMUG00000043793;ENSMMUG00000054840;ENSMMUG00000037458,;ERP29;,True;True;True
ENSG00000092199|HNRNPC|4ea0d61,ENSMMUG00000014809;ENSMMUG00000052195,HNRNPC;,True;True
ENSG00000100422|CERK|35d8c90,ENSMMUG00000049778;ENSMMUG00000020950,;CERK,True;True
ENSG00000100422|CERK|66a4a2f,ENSMMUG00000049778;ENSMMUG00000020950,;CERK,True;True
ENSG00000100422|CERK|e4856ae,ENSMMUG00000049778;ENSMMUG00000020950,;CERK,True;True
ENSG00000100567|PSMA3|ec56e13,ENSMMUG00000003509;ENSMMUG00000055981,PSMA3;,True;True
ENSG00000101204|CHRNA4|7c913a5,ENSMMUG00000064465;ENSMMUG00000015916,;,True;True
ENSG00000101204|CHRNA4|c8538b4,ENSMMUG00000064465;ENSMMUG00000015916,;,True;True
ENSG00000101204|CHRNA4|dbcdca5,ENSMMUG00000015916;ENSMMUG00000064465,;,True;True
ENSG00000101222|SPEF1|4e1848a,ENSMMUG00000064335;ENSMMUG00000060022,;SPEF1,True;True
ENSG00000101222|SPEF1|7118e42,ENSMMUG00000064335;ENSMMUG00000060022,;SPEF1,True;True
ENSG00000101222|SPEF1|b529ed6,ENSMMUG00000064335;ENSMMUG00000060022,;SPEF1,True;True
ENSG00000101825|MXRA5|85bd3e3,ENSMMUG00000008247;ENSMMUG00000041468,;,True;False
ENSG00000101825|MXRA5|8d3222c,ENSMMUG00000041468;ENSMMUG00000008247,;,False;True
ENSG00000101825|MXRA5|be5f510,ENSMMUG00000041468;ENSMMUG00000008247,;,False;True
ENSG00000101928|MOSPD1|03c503a,ENSMMUG00000022505;ENSMMUG00000064959,MOSPD1;,True;True
ENSG00000101928|MOSPD1|b34825a,ENSMMUG00000022505;ENSMMUG00000064959,MOSPD1;,True;True
ENSG00000101928|MOSPD1|de76057,ENSMMUG00000022505;ENSMMUG00000064959,MOSPD1;,True;True
ENSG00000102144|PGK1|ad8a8cc,ENSMMUG00000012874;ENSMMUG00000013725,PGK1;,True;True
ENSG00000102898|NUTF2|091f92d,ENSMMUG00000052035;ENSMMUG00000021906,NUTF2;SNX12,True;True
ENSG00000103024|NME3|268fc37,ENSMMUG00000018594;ENSMMUG00000003857,MRPS34;NME3,True;True
ENSG00000103024|NME3|532de84,ENSMMUG00000018594;ENSMMUG00000003857,MRPS34;NME3,True;True
ENSG00000103024|NME3|5fc0ca6,ENSMMUG00000018594;ENSMMUG00000003857,MRPS34;NME3,True;True
ENSG00000103269|RHBDL1|2536d31,ENSMMUG00000001982;ENSMMUG00000022010,RHBDL1;RHOT2,True;True
ENSG00000103269|RHBDL1|772d0ea,ENSMMUG00000001982;ENSMMUG00000022010,RHBDL1;RHOT2,True;True
ENSG00000104826|LHB|165ee8b,ENSMMUG00000015793;ENSMMUG00000040968;ENSMMUG00000063643;ENSMMUG00000049714,LHB;;;,True;True;True;True
ENSG00000105197|TIMM50|850ad8d,ENSMMUG00000031997;ENSMMUG00000019376,;TIMM50,True;True
ENSG00000105197|TIMM50|87bffff,ENSMMUG00000019376;ENSMMUG00000031997,TIMM50;,True;True
ENSG00000105197|TIMM50|96f5c80,ENSMMUG00000019376;ENSMMUG00000031997,TIMM50;,True;True
ENSG00000105220|GPI|fd06d52,ENSMMUG00000005880;ENSMMUG00000038355,;,True;False
ENSG00000105639|JAK3|a9f54bf,ENSMMUG00000050201;ENSMMUG00000010996,;JAK3,True;True
ENSG00000105639|JAK3|bc27d55,ENSMMUG00000050201;ENSMMUG00000010996,;JAK3,True;True
ENSG00000105639|JAK3|cd4c088,ENSMMUG00000050201;ENSMMUG00000010996,;JAK3,True;True
ENSG00000105708|ZNF14|7d3e0a3,ENSMMUG00000055063;ENSMMUG00000021989,;ZNF14,True;True
ENSG00000105708|ZNF14|afd6be9,ENSMMUG00000055063;ENSMMUG00000021989,;ZNF14,True;True
ENSG00000105708|ZNF14|b416c0c,ENSMMUG00000055063;ENSMMUG00000021989,;ZNF14,True;True
ENSG00000107223|EDF1|95521b1,ENSMMUG00000031537;ENSMMUG00000005051,;EDF1,True;True
ENSG00000107819|SFXN3|287c689,ENSMMUG00000055453;ENSMMUG00000022620,;SFXN3,True;True
ENSG00000107819|SFXN3|d0926e0,ENSMMUG00000055453;ENSMMUG00000022620,;SFXN3,True;True
ENSG00000107819|SFXN3|fd9927b,ENSMMUG00000055453;ENSMMUG00000022620,;SFXN3,True;True
ENSG00000107874|CUEDC2|972410d,ENSMMUG00000055748;ENSMMUG00000003000,;,True;False
ENSG00000107874|CUEDC2|b6d2d77,ENSMMUG00000055748;ENSMMUG00000003000,;,True;False
ENSG00000107874|CUEDC2|e13c035,ENSMMUG00000055748;ENSMMUG00000003000,;,True;False
ENSG00000108788|MLX|346598e,ENSMMUG00000009887;ENSMMUG00000009886,MLX;COASY,True;True
ENSG00000108788|MLX|bde15f8,ENSMMUG00000009887;ENSMMUG00000009886,MLX;COASY,True;True
ENSG00000108788|MLX|f4187c5,ENSMMUG00000009887;ENSMMUG00000009886,MLX;COASY,True;True
ENSG00000109220|CHIC2|0cbe82a,ENSMMUG00000050730;ENSMMUG00000028816,CHIC2;,True;True
ENSG00000109220|CHIC2|702ce5c,ENSMMUG00000050730;ENSMMUG00000028816,CHIC2;,True;True
ENSG00000109220|CHIC2|bfac26e,ENSMMUG00000050730;ENSMMUG00000028816,CHIC2;,True;True
ENSG00000109536|FRG1|b4595fe,ENSMMUG00000047496;ENSMMUG00000001824,;FRG1,True;True
ENSG00000110955|ATP5F1B|6ad2868,ENSMMUG00000058499;ENSMMUG00000001027,;ATP5F1B,True;True
ENSG00000111481|COPZ1|e7f594d,ENSMMUG00000005182;ENSMMUG00000059878,COPZ1;,True;True
ENSG00000112081|SRSF3|273338b,ENSMMUG00000059961;ENSMMUG00000060923,;,False;True
ENSG00000113712|CSNK1A1|0db95b1,ENSMMUG00000001758;ENSMMUG00000006838,CSNK1A1;,True;True
ENSG00000113812|ACTR8|7ff3ef9,ENSMMUG00000054443;ENSMMUG00000019269,;ACTR8,True;True
ENSG00000113812|ACTR8|b3f9a8a,ENSMMUG00000054443;ENSMMUG00000019269,;ACTR8,True;True
ENSG00000113812|ACTR8|e8d579c,ENSMMUG00000054443;ENSMMUG00000019269,;ACTR8,True;True
ENSG00000114573|ATP6V1A|1b5c718,ENSMMUG00000007366;ENSMMUG00000020740,;ATP6V1A,True;True
ENSG00000114573|ATP6V1A|6195f55,ENSMMUG00000007366;ENSMMUG00000020740,;ATP6V1A,True;True
ENSG00000114573|ATP6V1A|f368c07,ENSMMUG00000020740;ENSMMUG00000007366,ATP6V1A;,True;True
ENSG00000114923|SLC4A3|05dfd46,ENSMMUG00000059747;ENSMMUG00000002520,;SLC4A3,True;True
ENSG00000114923|SLC4A3|72ce77c,ENSMMUG00000059747;ENSMMUG00000002520,;SLC4A3,True;True
ENSG00000114923|SLC4A3|7862707,ENSMMUG00000059747;ENSMMUG00000002520,;SLC4A3,True;True
ENSG00000114978|MOB1A|691951c,ENSMMUG00000004772;ENSMMUG00000015208,;,False;True
ENSG00000115758|ODC1|a3dd01a,ENSMMUG00000020441;ENSMMUG00000030822,ODC1;,True;True
ENSG00000115762|PLEKHB2|1c5b047,ENSMMUG00000060110;ENSMMUG00000006158,;,False;True
ENSG00000115762|PLEKHB2|c5a8a2e,ENSMMUG00000060110;ENSMMUG00000006158,;,False;True
ENSG00000115762|PLEKHB2|f86edf4,ENSMMUG00000060110;ENSMMUG00000006158,;,False;True
ENSG00000115946|PNO1|21a9159,ENSMMUG00000030357;ENSMMUG00000017461,;PNO1,True;True
ENSG00000115946|PNO1|7228cd8,ENSMMUG00000030357;ENSMMUG00000017461,;PNO1,True;True
ENSG00000115946|PNO1|db084af,ENSMMUG00000030357;ENSMMUG00000017461,;PNO1,True;True
ENSG00000116213|WRAP73|2764bf9,ENSMMUG00000003786;ENSMMUG00000055868,WRAP73;,True;True
ENSG00000116213|WRAP73|6dc9c60,ENSMMUG00000055868;ENSMMUG00000003786,;WRAP73,True;True
ENSG00000116213|WRAP73|c991486,ENSMMUG00000055868;ENSMMUG00000003786,;WRAP73,True;True
ENSG00000116649|SRM|12bb939,ENSMMUG00000019321;ENSMMUG00000021570,SRM;,True;True
ENSG00000116649|SRM|c11d83b,ENSMMUG00000019321;ENSMMUG00000021570,SRM;,True;True
ENSG00000116649|SRM|e9a1655,ENSMMUG00000019321;ENSMMUG00000021570,SRM;,True;True
ENSG00000117305|HMGCL|267747e,ENSMMUG00000019548;ENSMMUG00000019549,HMGCL;GALE,True;True
ENSG00000117305|HMGCL|530f794,ENSMMUG00000019548;ENSMMUG00000019549,HMGCL;GALE,True;True
ENSG00000117305|HMGCL|ef51077,ENSMMUG00000019548;ENSMMUG00000019549,HMGCL;GALE,True;True
ENSG00000120437|ACAT2|6f92cb7,ENSMMUG00000012843;ENSMMUG00000030261,;,True;False
ENSG00000120437|ACAT2|95b6653,ENSMMUG00000012843;ENSMMUG00000030261,;,True;False
ENSG00000120437|ACAT2|a0fad43,ENSMMUG00000030261;ENSMMUG00000012843,;,False;True
ENSG00000123569|H2BFWT|0be5443,ENSMMUG00000032378;ENSMMUG00000032380,H2BFWT;,True;True
ENSG00000123569|H2BFWT|fcb2b93,ENSMMUG00000032378;ENSMMUG00000032380,H2BFWT;,True;True
ENSG00000123595|RAB9A|a236d74,ENSMMUG00000022618;ENSMMUG00000022616,RAB9A;TCEANC,True;True
ENSG00000123595|RAB9A|a4777ca,ENSMMUG00000022618;ENSMMUG00000022616,RAB9A;TCEANC,True;True
ENSG00000124243|BCAS4|304e2a4,ENSMMUG00000012127;ENSMMUG00000047263,BCAS4;,True;True
ENSG00000124243|BCAS4|d0b815e,ENSMMUG00000047263;ENSMMUG00000012127,;BCAS4,True;True
ENSG00000124243|BCAS4|d5285d1,ENSMMUG00000012127;ENSMMUG00000047263,BCAS4;,True;True
ENSG00000125611|CHCHD5|2a0dab6,ENSMMUG00000007779;ENSMMUG00000062885,CHCHD5;,True;True
ENSG00000125611|CHCHD5|5464165,ENSMMUG00000007779;ENSMMUG00000062885,CHCHD5;,True;True
ENSG00000125611|CHCHD5|daa4edb,ENSMMUG00000007779;ENSMMUG00000062885,CHCHD5;,True;True
ENSG00000125743|SNRPD2|a5e294a,ENSMMUG00000032370;ENSMMUG00000006937,;SNRPD2,True;True
ENSG00000125787|GNRH2|4e44b00,ENSMMUG00000005890;ENSMMUG00000063622,GNRH2;MRPS26,True;True
ENSG00000125787|GNRH2|a5dfa1b,ENSMMUG00000005890;ENSMMUG00000063622,GNRH2;MRPS26,True;True
ENSG00000125787|GNRH2|d294b48,ENSMMUG00000005890;ENSMMUG00000063622,GNRH2;MRPS26,True;True
ENSG00000125821|DTD1|2243fba,ENSMMUG00000010744;ENSMMUG00000012880,;DTD1,True;True
ENSG00000125821|DTD1|23c6321,ENSMMUG00000012880;ENSMMUG00000010744,DTD1;,True;True
ENSG00000125821|DTD1|23fb16a,ENSMMUG00000012880;ENSMMUG00000010744,DTD1;,True;True
ENSG00000126247|CAPNS1|b852f68,ENSMMUG00000000249;ENSMMUG00000038584,;,True;False
ENSG00000126267|COX6B1|dba1ae6,ENSMMUG00000065025;ENSMMUG00000055747,;COX6B1,True;True
ENSG00000126767|ELK1|5166a78,ENSMMUG00000019420;ENSMMUG00000014840,ELK1;,True;True
ENSG00000126767|ELK1|d2133bc,ENSMMUG00000019420;ENSMMUG00000014840,ELK1;,True;True
ENSG00000126890|CTAG2|7576039,ENSMMUG00000045112;ENSMMUG00000052573,;,True;False
ENSG00000126890|CTAG2|abbb115,ENSMMUG00000045112;ENSMMUG00000052573,;,True;False
ENSG00000128789|PSMG2|3350499,ENSMMUG00000031508;ENSMMUG00000063218,;PSMG2,True;True
ENSG00000128789|PSMG2|3d12c49,ENSMMUG00000063218;ENSMMUG00000031508,PSMG2;,True;True
ENSG00000128789|PSMG2|c840e68,ENSMMUG00000063218;ENSMMUG00000031508,PSMG2;,True;True
ENSG00000128951|DUT|89fbf42,ENSMMUG00000059727;ENSMMUG00000016898,;,False;True
ENSG00000130299|GTPBP3|188232f,ENSMMUG00000023403;ENSMMUG00000055108,GTPBP3;,True;True
ENSG00000130299|GTPBP3|45720be,ENSMMUG00000023403;ENSMMUG00000055108,GTPBP3;,True;True
ENSG00000130299|GTPBP3|4a3907e,ENSMMUG00000023403;ENSMMUG00000055108,GTPBP3;,True;True
ENSG00000130649|CYP2E1|7b4f050,ENSMMUG00000006339;ENSMMUG00000055298,CYP2E1;,True;True
ENSG00000130649|CYP2E1|cf06ac4,ENSMMUG00000006339;ENSMMUG00000050538,CYP2E1;,True;True
ENSG00000130649|CYP2E1|edea0dc,ENSMMUG00000006339;ENSMMUG00000050538,CYP2E1;,True;True
ENSG00000130707|ASS1|703f358,ENSMMUG00000001522;ENSMMUG00000047665,;,True;False
ENSG00000130707|ASS1|7a53597,ENSMMUG00000047665;ENSMMUG00000001522,;,False;True
ENSG00000130707|ASS1|dd544ce,ENSMMUG00000047665;ENSMMUG00000001522,;,False;True
ENSG00000131037|EPS8L1|4a6f96f,ENSMMUG00000053613;ENSMMUG00000021945,;,False;True
ENSG00000131037|EPS8L1|d418924,ENSMMUG00000053613;ENSMMUG00000021945,;,False;True
ENSG00000131037|EPS8L1|ea3225e,ENSMMUG00000053613;ENSMMUG00000021945,;,False;True
ENSG00000131508|UBE2D2|781a4e4,ENSMMUG00000020666;ENSMMUG00000001941;ENSMMUG00000062143,UBE2D2;CXXC5;,True;True;True
ENSG00000132002|DNAJB1|6402fc6,ENSMMUG00000055273;ENSMMUG00000017906,;DNAJB1,True;True
ENSG00000132002|DNAJB1|7907193,ENSMMUG00000017906;ENSMMUG00000055273,DNAJB1;,True;True
ENSG00000132589|FLOT2|02f29ab,ENSMMUG00000060032;ENSMMUG00000012523,;,True;True
ENSG00000132589|FLOT2|21dc7c8,ENSMMUG00000060032;ENSMMUG00000012523,;,True;True
ENSG00000132589|FLOT2|9e072f2,ENSMMUG00000060032;ENSMMUG00000012523,;,True;True
ENSG00000133028|SCO1|1ef0f60,ENSMMUG00000042267;ENSMMUG00000013833,;SCO1,True;True
ENSG00000133028|SCO1|4b225b8,ENSMMUG00000042267;ENSMMUG00000013833,;SCO1,True;True
ENSG00000133028|SCO1|ca2c413,ENSMMUG00000013833;ENSMMUG00000042267,SCO1;,True;True
ENSG00000133433|GSTT2B|2f6998a,ENSMMUG00000018530;ENSMMUG00000023053,;GSTT2B,True;True
ENSG00000133433|GSTT2B|8b122ca,ENSMMUG00000023053;ENSMMUG00000018530,GSTT2B;,True;True
ENSG00000134248|LAMTOR5|4c655f5,ENSMMUG00000052202;ENSMMUG00000049848,;LAMTOR5,True;True
ENSG00000134287|ARF3|62441de,ENSMMUG00000006971;ENSMMUG00000041595,ARF3;,True;True
ENSG00000134308|YWHAQ|ccc94f7,ENSMMUG00000006015;ENSMMUG00000006965,;YWHAQ,True;True
ENSG00000135930|EIF4E2|c4bcc24,ENSMMUG00000046892;ENSMMUG00000022151,;EIF4E2,True;True
ENSG00000135930|EIF4E2|d2af09c,ENSMMUG00000022151;ENSMMUG00000046892,EIF4E2;,True;True
ENSG00000135930|EIF4E2|d4907f9,ENSMMUG00000022151;ENSMMUG00000046892,EIF4E2;,True;True
ENSG00000136104|RNASEH2B|dea64de,ENSMMUG00000021746;ENSMMUG00000064053,RNASEH2B;,True;True
ENSG00000136450|SRSF1|260966d,ENSMMUG00000056064;ENSMMUG00000003260,SRSF1;,True;True
ENSG00000136636|KCTD3|4bcaa12,ENSMMUG00000059103;ENSMMUG00000022639,;KCTD3,True;True
ENSG00000136636|KCTD3|c99e95b,ENSMMUG00000059103;ENSMMUG00000022639,;KCTD3,True;True
ENSG00000136636|KCTD3|f6a774e,ENSMMUG00000059103;ENSMMUG00000022639,;KCTD3,True;True
ENSG00000137193|PIM1|1be5ce6,ENSMMUG00000061521;ENSMMUG00000063198,;,True;True
ENSG00000137193|PIM1|1c3ac2e,ENSMMUG00000061521;ENSMMUG00000063198,;,True;True
ENSG00000137193|PIM1|3a420ce,ENSMMUG00000061521;ENSMMUG00000063198,;,True;True
ENSG00000139540|SLC39A5|086d7cc,ENSMMUG00000008674;ENSMMUG00000038453,SLC39A5;NABP2,True;True
ENSG00000139540|SLC39A5|a68eb3e,ENSMMUG00000008674;ENSMMUG00000038453,SLC39A5;NABP2,True;True
ENSG00000139540|SLC39A5|f32ce87,ENSMMUG00000008674;ENSMMUG00000038453,SLC39A5;NABP2,True;True
ENSG00000140264|SERF2|ee6755b,ENSMMUG00000051239;ENSMMUG00000022768;ENSMMUG00000022770;ENSMMUG00000060821,;HYPK;SERF2;,True;True;True;True
ENSG00000141542|RAB40B|1eb6d17,ENSMMUG00000053549;ENSMMUG00000029768,;RAB40B,True;True
ENSG00000141542|RAB40B|74b59d6,ENSMMUG00000053549;ENSMMUG00000029768,;RAB40B,True;True
ENSG00000141543|EIF4A3|cc6c0b4,ENSMMUG00000009590;ENSMMUG00000007050,EIF4A3;,True;True
ENSG00000141543|EIF4A3|df36b72,ENSMMUG00000009590;ENSMMUG00000007050,EIF4A3;,True;True
ENSG00000141543|EIF4A3|ec2a354,ENSMMUG00000009590;ENSMMUG00000007050,EIF4A3;,True;True
ENSG00000142684|ZNF593|341a1ce,ENSMMUG00000030530;ENSMMUG00000004682,;ZNF593,True;True
ENSG00000142684|ZNF593|97c7844,ENSMMUG00000004682;ENSMMUG00000030530,ZNF593;,True;True
ENSG00000142684|ZNF593|bf76106,ENSMMUG00000004682;ENSMMUG00000030530,ZNF593;,True;True
ENSG00000143575|HAX1|18ade30,ENSMMUG00000010814;ENSMMUG00000059560,HAX1;,True;True
ENSG00000143575|HAX1|e8170f8,ENSMMUG00000010810;ENSMMUG00000010814,UBAP2L;HAX1,True;True
ENSG00000143727|ACP1|f0ddb76,ENSMMUG00000017097;ENSMMUG00000043793,;,True;False
ENSG00000143811|PYCR2|1637c3f,ENSMMUG00000022192;ENSMMUG00000011434,;PYCR2,True;True
ENSG00000143811|PYCR2|e28ddd4,ENSMMUG00000022192;ENSMMUG00000011434,;PYCR2,True;True
ENSG00000143811|PYCR2|f290e27,ENSMMUG00000022192;ENSMMUG00000011434,;PYCR2,True;True
ENSG00000144381|HSPD1|10f30cf,ENSMMUG00000007216;ENSMMUG00000010489,;HSPD1,True;True
ENSG00000145687|SSBP2|0f5d9b2,ENSMMUG00000017583;ENSMMUG00000040033,SSBP2;,True;True
ENSG00000145687|SSBP2|425757d,ENSMMUG00000017583;ENSMMUG00000040033,SSBP2;,True;True
ENSG00000145687|SSBP2|f6f4604,ENSMMUG00000017583;ENSMMUG00000040033,SSBP2;,True;True
ENSG00000147121|KRBOX4|797606f,ENSMMUG00000002292;ENSMMUG00000002986;ENSMMUG00000054641,ZNF674;KRBOX4;,True;True;True
ENSG00000148175|STOM|3e27825,ENSMMUG00000062333;ENSMMUG00000013024,;STOM,True;True
ENSG00000148175|STOM|691d7a7,ENSMMUG00000062333;ENSMMUG00000013024,;STOM,True;True
ENSG00000148175|STOM|861ae4d,ENSMMUG00000062333;ENSMMUG00000013024,;STOM,True;True
ENSG00000148737|TCF7L2|d5d1350,ENSMMUG00000022799;ENSMMUG00000054123,TCF7L2;VTI1A,True;True
ENSG00000148737|TCF7L2|d7da75c,ENSMMUG00000022799;ENSMMUG00000054123,TCF7L2;VTI1A,True;True
ENSG00000148737|TCF7L2|de07bcd,ENSMMUG00000022799;ENSMMUG00000054123,TCF7L2;VTI1A,True;True
ENSG00000149932|TMEM219|11e8256,ENSMMUG00000020273;ENSMMUG00000020274,TMEM219;TAOK2,True;True
ENSG00000149932|TMEM219|4ec23f4,ENSMMUG00000020273;ENSMMUG00000020274,TMEM219;TAOK2,True;True
ENSG00000149932|TMEM219|b04d245,ENSMMUG00000020273;ENSMMUG00000020274,TMEM219;TAOK2,True;True
ENSG00000150551|LYPD1|63a6eff,ENSMMUG00000045065;ENSMMUG00000058920,;LYPD1,True;True
ENSG00000150551|LYPD1|b021012,ENSMMUG00000045065;ENSMMUG00000058920,;LYPD1,True;True
ENSG00000150551|LYPD1|e9f0f6e,ENSMMUG00000045065;ENSMMUG00000058920,;LYPD1,True;True
ENSG00000154518|ATP5MC3|70b2fbf,ENSMMUG00000003954;ENSMMUG00000029649,ATP5MC3;,True;True
ENSG00000155959|VBP1|2b2563c,ENSMMUG00000015095;ENSMMUG00000042926,;,True;False
ENSG00000155959|VBP1|b5267ad,ENSMMUG00000015095;ENSMMUG00000042926,;,True;False
ENSG00000155959|VBP1|b6c8cb4,ENSMMUG00000015095;ENSMMUG00000042926,;,True;False
ENSG00000156313|RPGR|3a7f4bb,ENSMMUG00000013491;ENSMMUG00000059272,RPGR;,True;True
ENSG00000156313|RPGR|a98242c,ENSMMUG00000013491;ENSMMUG00000059272,RPGR;,True;True
ENSG00000156313|RPGR|c674715,ENSMMUG00000013491;ENSMMUG00000059272,RPGR;,True;True
ENSG00000157992|KRTCAP3|430c88e,ENSMMUG00000005095;ENSMMUG00000005091,KRTCAP3;NRBP1,True;True
ENSG00000157992|KRTCAP3|b26c22f,ENSMMUG00000005091;ENSMMUG00000005095,NRBP1;KRTCAP3,True;True
ENSG00000157992|KRTCAP3|d6fa357,ENSMMUG00000005091;ENSMMUG00000005095,NRBP1;KRTCAP3,True;True
ENSG00000158604|TMED4|4ae57e7,ENSMMUG00000002650;ENSMMUG00000002645,TMED4;DDX56,True;True
ENSG00000158604|TMED4|ca15402,ENSMMUG00000002650;ENSMMUG00000002645,TMED4;DDX56,True;True
ENSG00000158604|TMED4|cff1a0e,ENSMMUG00000002650;ENSMMUG00000002645,TMED4;DDX56,True;True
ENSG00000158864|NDUFS2|0e5ad9f,ENSMMUG00000004520;ENSMMUG00000042838,NDUFS2;,True;True
ENSG00000158864|NDUFS2|c79ff2e,ENSMMUG00000042838;ENSMMUG00000004520,;NDUFS2,True;True
ENSG00000158864|NDUFS2|cb2868a,ENSMMUG00000042838;ENSMMUG00000004520,;NDUFS2,True;True
ENSG00000158882|TOMM40L|0d4f014,ENSMMUG00000018126;ENSMMUG00000060496,TOMM40L;TOMM40L,True;True
ENSG00000158882|TOMM40L|5f62ba2,ENSMMUG00000018126;ENSMMUG00000060496,TOMM40L;TOMM40L,True;True
ENSG00000158882|TOMM40L|6fad8c9,ENSMMUG00000018126;ENSMMUG00000060496,TOMM40L;TOMM40L,True;True
ENSG00000160075|SSU72|edae531,ENSMMUG00000001551;ENSMMUG00000060167,SSU72;,True;True
ENSG00000160190|SLC37A1|2d38b3d,ENSMMUG00000058579;ENSMMUG00000018085,;SLC37A1,True;True
ENSG00000160190|SLC37A1|77b7e5e,ENSMMUG00000058579;ENSMMUG00000018085,;SLC37A1,True;True
ENSG00000160190|SLC37A1|96a8d7f,ENSMMUG00000058579;ENSMMUG00000018085,;SLC37A1,True;True
ENSG00000160439|RDH13|0608ce1,ENSMMUG00000059308;ENSMMUG00000022322,;,False;True
ENSG00000160439|RDH13|2b55966,ENSMMUG00000059308;ENSMMUG00000022322,;,False;True
ENSG00000160439|RDH13|9d1cb54,ENSMMUG00000059308;ENSMMUG00000022322,;,False;True
ENSG00000160994|CCDC105|06363d5,ENSMMUG00000050835;ENSMMUG00000013758,;,True;True
ENSG00000160994|CCDC105|4cac92b,ENSMMUG00000050835;ENSMMUG00000013758,;,True;True
ENSG00000160994|CCDC105|ff53e2b,ENSMMUG00000050835;ENSMMUG00000013758,;,True;True
ENSG00000162139|NEU3|8906316,ENSMMUG00000010686;ENSMMUG00000064190,NEU3;,True;True
ENSG00000162139|NEU3|d4bf68b,ENSMMUG00000010686;ENSMMUG00000064190,NEU3;,True;True
ENSG00000162642|C1orf52|39dd990,ENSMMUG00000010020;ENSMMUG00000046906,C1H1orf52;,True;False
ENSG00000162642|C1orf52|3a72579,ENSMMUG00000010020;ENSMMUG00000046906,C1H1orf52;,True;False
ENSG00000162642|C1orf52|fcf8506,ENSMMUG00000010020;ENSMMUG00000046906,C1H1orf52;,True;False
ENSG00000162882|HAAO|067081b,ENSMMUG00000064735;ENSMMUG00000063947,HAAO;OXER1,True;True
ENSG00000162882|HAAO|1d84458,ENSMMUG00000064735;ENSMMUG00000063947,HAAO;OXER1,True;True
ENSG00000162882|HAAO|2d171df,ENSMMUG00000064735;ENSMMUG00000063947,HAAO;OXER1,True;True
ENSG00000162927|PUS10|b11e834,ENSMMUG00000005685;ENSMMUG00000052940,PUS10;,True;True
ENSG00000162927|PUS10|d02da3a,ENSMMUG00000005685;ENSMMUG00000052940,PUS10;,True;True
ENSG00000163466|ARPC2|a38d8a6,ENSMMUG00000022808;ENSMMUG00000065075,ARPC2;GPBAR1,True;True
ENSG00000163795|ZNF513|53ee628,ENSMMUG00000058387;ENSMMUG00000008293,ZNF513;PPM1G,True;True
ENSG00000163795|ZNF513|a8cea1d,ENSMMUG00000058387;ENSMMUG00000008293,ZNF513;PPM1G,True;True
ENSG00000163795|ZNF513|b6aece4,ENSMMUG00000058387;ENSMMUG00000008293,ZNF513;PPM1G,True;True
ENSG00000164362|TERT|2a4b68c,ENSMMUG00000010940;ENSMMUG00000065135,TERT;,True;True
ENSG00000164362|TERT|5754357,ENSMMUG00000065135;ENSMMUG00000010940,;TERT,True;True
ENSG00000164362|TERT|67da996,ENSMMUG00000065135;ENSMMUG00000010940,;TERT,True;True
ENSG00000164904|ALDH7A1|4e6ab6f,ENSMMUG00000016682;ENSMMUG00000002489,ALDH7A1;,True;True
ENSG00000164904|ALDH7A1|511304e,ENSMMUG00000002489;ENSMMUG00000016682,;ALDH7A1,True;True
ENSG00000164934|DCAF13|52cb447,ENSMMUG00000019594;ENSMMUG00000019405,;,False;True
ENSG00000164934|DCAF13|b04426a,ENSMMUG00000019594;ENSMMUG00000019405,;,False;True
ENSG00000164967|RPP25L|17dc64f,ENSMMUG00000031830;ENSMMUG00000020782,RPP25L;DCTN3,True;True
ENSG00000164967|RPP25L|cf441d7,ENSMMUG00000031830;ENSMMUG00000020782,RPP25L;DCTN3,True;True
ENSG00000164967|RPP25L|fcc0d7e,ENSMMUG00000031830;ENSMMUG00000020782,RPP25L;DCTN3,True;True
ENSG00000165140|FBP1|41b3c5d,ENSMMUG00000049460;ENSMMUG00000022536,;FBP1,True;True
ENSG00000165140|FBP1|50164d6,ENSMMUG00000049460;ENSMMUG00000022536,;FBP1,True;True
ENSG00000165140|FBP1|ee3fb04,ENSMMUG00000049460;ENSMMUG00000022536,;FBP1,True;True
ENSG00000166200|COPS2|3f45e85,ENSMMUG00000009838;ENSMMUG00000042620,COPS2;,True;True
ENSG00000166200|COPS2|50b6dc5,ENSMMUG00000009838;ENSMMUG00000042620,COPS2;,True;True
ENSG00000166200|COPS2|edc1532,ENSMMUG00000009838;ENSMMUG00000042620,COPS2;,True;True
ENSG00000166847|DCTN5|8180814,ENSMMUG00000017306;ENSMMUG00000017305,PLK1;DCTN5,True;True
ENSG00000166922|SCG5|46f50d8,ENSMMUG00000012283;ENSMMUG00000011751,SCG5;,True;True
ENSG00000166922|SCG5|9d2d1ce,ENSMMUG00000011751;ENSMMUG00000012283,;SCG5,True;True
ENSG00000166922|SCG5|a09e670,ENSMMUG00000011751;ENSMMUG00000012283,;SCG5,True;True
ENSG00000167004|PDIA3|e5f9b5f,ENSMMUG00000001682;ENSMMUG00000054976,PDIA3;,True;True
ENSG00000167123|CERCAM|8b860a4,ENSMMUG00000058553;ENSMMUG00000032020;ENSMMUG00000044236,;;,True;True;False
ENSG00000167123|CERCAM|aba2816,ENSMMUG00000058553;ENSMMUG00000032020,;,True;True
ENSG00000167123|CERCAM|b64d6a4,ENSMMUG00000058553;ENSMMUG00000032020;ENSMMUG00000044236,;;,True;True;False
ENSG00000167515|TRAPPC2L|13fee9c,ENSMMUG00000053471;ENSMMUG00000040115,TRAPPC2L;,True;True
ENSG00000167515|TRAPPC2L|1475935,ENSMMUG00000053471;ENSMMUG00000040115,TRAPPC2L;,True;True
ENSG00000167536|DHRS13|20b9b18,ENSMMUG00000055647;ENSMMUG00000021553,;DHRS13,True;True
ENSG00000167536|DHRS13|31e0a56,ENSMMUG00000055647;ENSMMUG00000021553,;DHRS13,True;True
ENSG00000167536|DHRS13|d8c9b22,ENSMMUG00000055647;ENSMMUG00000021553,;DHRS13,True;True
ENSG00000167578|RAB4B|49baebf,ENSMMUG00000056624;ENSMMUG00000004813,;,True;True
ENSG00000167578|RAB4B|63a7026,ENSMMUG00000056624;ENSMMUG00000004813,;,True;True
ENSG00000167578|RAB4B|b1dfa11,ENSMMUG00000056624;ENSMMUG00000004813,;,True;True
ENSG00000167987|VPS37C|16683bf,ENSMMUG00000015019;ENSMMUG00000058381,VPS37C;,True;True
ENSG00000167987|VPS37C|8e427c3,ENSMMUG00000058381;ENSMMUG00000015019,;VPS37C,True;True
ENSG00000167987|VPS37C|fdf7e4a,ENSMMUG00000058381;ENSMMUG00000015019,;VPS37C,True;True
ENSG00000168040|FADD|9958587,ENSMMUG00000054645;ENSMMUG00000013265,FADD;PPFIA1,True;True
ENSG00000168040|FADD|ba0b119,ENSMMUG00000054645;ENSMMUG00000013265,FADD;PPFIA1,True;True
ENSG00000168040|FADD|c4f6b59,ENSMMUG00000054645;ENSMMUG00000013265,FADD;PPFIA1,True;True
ENSG00000168259|DNAJC7|206694a,ENSMMUG00000016118;ENSMMUG00000043523,DNAJC7;,True;True
ENSG00000168259|DNAJC7|4506ad3,ENSMMUG00000016118;ENSMMUG00000043523,DNAJC7;,True;True
ENSG00000168259|DNAJC7|4acf554,ENSMMUG00000016118;ENSMMUG00000043523,DNAJC7;,True;True
ENSG00000169093|ASMTL|89e3ae7,ENSMMUG00000053333;ENSMMUG00000061249,;,True;False
ENSG00000169093|ASMTL|c41d642,ENSMMUG00000053333;ENSMMUG00000061249,;,True;False
ENSG00000169093|ASMTL|d43aa21,ENSMMUG00000053333;ENSMMUG00000061249,;,True;False
ENSG00000169100|SLC25A6|3e0d080,ENSMMUG00000056967;ENSMMUG00000049785,SLC25A6;,True;True
ENSG00000170144|HNRNPA3|0e54187,ENSMMUG00000059380;ENSMMUG00000001858;ENSMMUG00000053760,;HNRNPA3;,True;True;True
ENSG00000170584|NUDCD2|3e1cb22,ENSMMUG00000019552;ENSMMUG00000040145,;,False;True
ENSG00000170584|NUDCD2|9b752d0,ENSMMUG00000019552;ENSMMUG00000040145,;,False;True
ENSG00000170584|NUDCD2|ec2dbe7,ENSMMUG00000040145;ENSMMUG00000019552,;,True;False
ENSG00000171097|KYAT1|038d6a6,ENSMMUG00000064722;ENSMMUG00000021848,;,True;True
ENSG00000171097|KYAT1|6d577e9,ENSMMUG00000064722;ENSMMUG00000021848,;,True;True
ENSG00000171097|KYAT1|c9f3671,ENSMMUG00000064722;ENSMMUG00000021848,;,True;True
ENSG00000171130|ATP6V0E2|b89c53d,ENSMMUG00000002273;ENSMMUG00000056441,;,False;True
ENSG00000171130|ATP6V0E2|c669b5a,ENSMMUG00000002273;ENSMMUG00000056441,;,False;True
ENSG00000171130|ATP6V0E2|cba95a8,ENSMMUG00000002273;ENSMMUG00000056441,;,False;True
ENSG00000171311|EXOSC1|27c6240,ENSMMUG00000020028;ENSMMUG00000052850,EXOSC1;,True;True
ENSG00000171311|EXOSC1|51a78df,ENSMMUG00000020028;ENSMMUG00000052850,EXOSC1;,True;True
ENSG00000171311|EXOSC1|58f2931,ENSMMUG00000020028;ENSMMUG00000052850,EXOSC1;,True;True
ENSG00000171405|XAGE5|29048e1,ENSMMUG00000047191;ENSMMUG00000046218,XAGE5;,True;True
ENSG00000171497|PPID|2248d9f,ENSMMUG00000051757;ENSMMUG00000017768,;PPID,True;True
ENSG00000171497|PPID|a1fab8b,ENSMMUG00000051757;ENSMMUG00000017768,;PPID,True;True
ENSG00000171497|PPID|f09ff4b,ENSMMUG00000051757;ENSMMUG00000017768,;PPID,True;True
ENSG00000171786|NHLH1|62379c5,ENSMMUG00000021865;ENSMMUG00000021856,NHLH1;NCSTN,True;True
ENSG00000171786|NHLH1|ce2a675,ENSMMUG00000021865;ENSMMUG00000021856,NHLH1;NCSTN,True;True
ENSG00000171786|NHLH1|eb5e4b3,ENSMMUG00000021865;ENSMMUG00000021856,NHLH1;NCSTN,True;True
ENSG00000172115|CYCS|b352ee5,ENSMMUG00000051966;ENSMMUG00000051205,;CYCS,True;True
ENSG00000172775|FAM192A|6637388,ENSMMUG00000020351;ENSMMUG00000013492,;,False;True
ENSG00000174013|FBXO45|34bc134,ENSMMUG00000021637;ENSMMUG00000054814,NRROS;FBXO45,True;True
ENSG00000174013|FBXO45|7ff2c1c,ENSMMUG00000021637;ENSMMUG00000054814,NRROS;FBXO45,True;True
ENSG00000174013|FBXO45|ec961d5,ENSMMUG00000021637;ENSMMUG00000054814,NRROS;FBXO45,True;True
ENSG00000174307|PHLDA3|0f1fd3c,ENSMMUG00000047008;ENSMMUG00000061689,;PHLDA3,True;True
ENSG00000174307|PHLDA3|97e9b1e,ENSMMUG00000047008;ENSMMUG00000061689,;PHLDA3,True;True
ENSG00000174307|PHLDA3|a0df9bc,ENSMMUG00000047008;ENSMMUG00000061689,;PHLDA3,True;True
ENSG00000174915|PTDSS2|511c1f0,ENSMMUG00000010782;ENSMMUG00000059353,;,True;True
ENSG00000174915|PTDSS2|a4764ea,ENSMMUG00000010782;ENSMMUG00000059353,;,True;True
ENSG00000174915|PTDSS2|b21df51,ENSMMUG00000010782;ENSMMUG00000059353,;,True;True
ENSG00000176731|RBIS|4895f62,ENSMMUG00000006381;ENSMMUG00000041825,RBIS;,True;True
ENSG00000176871|WSB2|16c3a24,ENSMMUG00000044974;ENSMMUG00000010236,;,False;True
ENSG00000176871|WSB2|d7bfa3e,ENSMMUG00000044974;ENSMMUG00000010236,;,False;True
ENSG00000176871|WSB2|f0ce2a4,ENSMMUG00000010236;ENSMMUG00000044974,;,True;False
ENSG00000177150|FAM210A|558c474,ENSMMUG00000001881;ENSMMUG00000011961,;FAM210A,True;True
ENSG00000177150|FAM210A|78a30d8,ENSMMUG00000001881;ENSMMUG00000011961,;FAM210A,True;True
ENSG00000177150|FAM210A|8247064,ENSMMUG00000011961;ENSMMUG00000001881,FAM210A;,True;True
ENSG00000177721|ANXA2R|3db3856,ENSMMUG00000064695;ENSMMUG00000050328;ENSMMUG00000063115;ENSMMUG00000058222;ENSMMUG00000044766,;;;;,True;True;True;False;False
ENSG00000177721|ANXA2R|8465c7c,ENSMMUG00000064695;ENSMMUG00000050328;ENSMMUG00000063115;ENSMMUG00000044766,;;;,True;True;True;False
ENSG00000177721|ANXA2R|d0359c2,ENSMMUG00000064695;ENSMMUG00000050328;ENSMMUG00000063115,;;,True;True;True
ENSG00000177971|IMP3|5b9026e,ENSMMUG00000016103;ENSMMUG00000004784,IMP3;SNUPN,True;True
ENSG00000177971|IMP3|d95d9e8,ENSMMUG00000016103;ENSMMUG00000004784,IMP3;SNUPN,True;True
ENSG00000178685|PARP10|1dc976d,ENSMMUG00000000449;ENSMMUG00000059569,;,True;True
ENSG00000178685|PARP10|9cb8bde,ENSMMUG00000000449;ENSMMUG00000059569,;,True;True
ENSG00000178685|PARP10|bb3bc21,ENSMMUG00000000449;ENSMMUG00000059569,;,True;True
ENSG00000178719|GRINA|37c6fef,ENSMMUG00000000451;ENSMMUG00000056458,;GRINA,True;True
ENSG00000178719|GRINA|5e32e62,ENSMMUG00000000451;ENSMMUG00000056458,;GRINA,True;True
ENSG00000178719|GRINA|71a9fd9,ENSMMUG00000000451;ENSMMUG00000056458,;GRINA,True;True
ENSG00000182272|B4GALNT4|6519b65,ENSMMUG00000021723;ENSMMUG00000056149,B4GALNT4;,True;True
ENSG00000182272|B4GALNT4|6c902bf,ENSMMUG00000056149;ENSMMUG00000021723,;B4GALNT4,True;True
ENSG00000182272|B4GALNT4|6f03256,ENSMMUG00000021723;ENSMMUG00000056149,B4GALNT4;,True;True
ENSG00000184182|UBE2F|4c0ebca,ENSMMUG00000055947;ENSMMUG00000018482,;UBE2F,True;True
ENSG00000184363|PKP3|7faa2eb,ENSMMUG00000057640;ENSMMUG00000003525,;PKP3,True;True
ENSG00000184363|PKP3|a25e392,ENSMMUG00000057640;ENSMMUG00000003525,;PKP3,True;True
ENSG00000184363|PKP3|fb6772e,ENSMMUG00000057640;ENSMMUG00000003525,;PKP3,True;True
ENSG00000185187|SIGIRR|1817bd2,ENSMMUG00000002917;ENSMMUG00000049684,;,True;True
ENSG00000185187|SIGIRR|42c3693,ENSMMUG00000002917;ENSMMUG00000049684,;,True;True
ENSG00000185187|SIGIRR|afec97f,ENSMMUG00000002917;ENSMMUG00000049684,;,True;True
ENSG00000185220|PGBD2|275f50e,ENSMMUG00000064580;ENSMMUG00000023296,PGBD2;,True;True
ENSG00000185220|PGBD2|58af9f2,ENSMMUG00000064580;ENSMMUG00000023296,PGBD2;,True;True
ENSG00000185220|PGBD2|db93218,ENSMMUG00000064580;ENSMMUG00000023296,PGBD2;,True;True
ENSG00000185247|MAGEA11|301032b,ENSMMUG00000057638;ENSMMUG00000051189,;,True;False
ENSG00000185247|MAGEA11|603aa13,ENSMMUG00000057638;ENSMMUG00000051189,;,True;False
ENSG00000185247|MAGEA11|7a001aa,ENSMMUG00000057638;ENSMMUG00000051189,;,True;False
ENSG00000185897|FFAR3|2f6242e,ENSMMUG00000058931;ENSMMUG00000048081,;,True;False
ENSG00000186298|PPP1CC|da888c0,ENSMMUG00000013664;ENSMMUG00000042225,PPP1CC;,True;True
ENSG00000188038|NRN1L|081ad98,ENSMMUG00000029103;ENSMMUG00000011888,NRN1L;EDC4,True;True
ENSG00000188038|NRN1L|1190c9a,ENSMMUG00000029103;ENSMMUG00000011888,NRN1L;EDC4,True;True
ENSG00000188038|NRN1L|61c2433,ENSMMUG00000029103;ENSMMUG00000011888,NRN1L;EDC4,True;True
ENSG00000196071|OR2L13|3302ba2,ENSMMUG00000060886;ENSMMUG00000059065,;,False;True
ENSG00000196071|OR2L13|40ad612,ENSMMUG00000059065;ENSMMUG00000060886,;,True;False
ENSG00000196071|OR2L13|b699cee,ENSMMUG00000059065;ENSMMUG00000060886,;,True;False
ENSG00000196072|BLOC1S2|0d2979a,ENSMMUG00000010827;ENSMMUG00000061808,BLOC1S2;BLOC1S2,True;True
ENSG00000196072|BLOC1S2|0ddeb8e,ENSMMUG00000010827;ENSMMUG00000061808,BLOC1S2;BLOC1S2,True;True
ENSG00000196072|BLOC1S2|a8ccc3d,ENSMMUG00000010827;ENSMMUG00000061808,BLOC1S2;BLOC1S2,True;True
ENSG00000196715|VKORC1L1|3c50a83,ENSMMUG00000052087;ENSMMUG00000021235,;VKORC1L1,True;True
ENSG00000196715|VKORC1L1|91d9867,ENSMMUG00000021235;ENSMMUG00000052087,VKORC1L1;,True;True
ENSG00000196715|VKORC1L1|a4ccde5,ENSMMUG00000021235;ENSMMUG00000052087,VKORC1L1;,True;True
ENSG00000197769|MAP1LC3C|2449403,ENSMMUG00000015883;ENSMMUG00000053723,;,False;True
ENSG00000197769|MAP1LC3C|2716053,ENSMMUG00000015883;ENSMMUG00000053723,;,False;True
ENSG00000197769|MAP1LC3C|b1910ec,ENSMMUG00000053723;ENSMMUG00000015883,;,True;False
ENSG00000198121|LPAR1|49064b6,ENSMMUG00000001087;ENSMMUG00000006906,;LPAR1,True;True
ENSG00000198121|LPAR1|a881516,ENSMMUG00000001087;ENSMMUG00000006906,;LPAR1,True;True
ENSG00000198121|LPAR1|c9c6d49,ENSMMUG00000006906;ENSMMUG00000001087,LPAR1;,True;True
ENSG00000198576|ARC|0e6499b,ENSMMUG00000064678;ENSMMUG00000018519,;ARC,True;True
ENSG00000198576|ARC|ae4eb75,ENSMMUG00000064678;ENSMMUG00000018519,;ARC,True;True
ENSG00000198576|ARC|f4d20bb,ENSMMUG00000064678;ENSMMUG00000018519,;ARC,True;True
ENSG00000198912|C1orf174|5c5faad,ENSMMUG00000015173;ENSMMUG00000015176,CEP104;C1H1orf174,False;True
ENSG00000198912|C1orf174|864a74c,ENSMMUG00000015173;ENSMMUG00000015176,CEP104;C1H1orf174,False;True
ENSG00000198912|C1orf174|bfcccdf,ENSMMUG00000015173;ENSMMUG00000015176,CEP104;C1H1orf174,False;True
ENSG00000198917|SPOUT1|003fea5,ENSMMUG00000063761;ENSMMUG00000047511,;,True;True
ENSG00000198917|SPOUT1|1506a81,ENSMMUG00000063761;ENSMMUG00000047511,;,True;True
ENSG00000198917|SPOUT1|531e881,ENSMMUG00000063761;ENSMMUG00000047511,;,True;True
ENSG00000203896|LIME1|008e0f5,ENSMMUG00000050212;ENSMMUG00000000171,;ZGPAT,True;False
ENSG00000203896|LIME1|165758b,ENSMMUG00000050212;ENSMMUG00000000171,;ZGPAT,True;False
ENSG00000203896|LIME1|974e85f,ENSMMUG00000050212;ENSMMUG00000000171,;ZGPAT,True;False
ENSG00000204228|HSD17B8|78405a7,ENSMMUG00000003861;ENSMMUG00000003859,HSD17B8;SLC39A7,True;True
ENSG00000204228|HSD17B8|7bd792b,ENSMMUG00000003861;ENSMMUG00000003859,HSD17B8;SLC39A7,True;True
ENSG00000204228|HSD17B8|d200641,ENSMMUG00000003861;ENSMMUG00000003859,HSD17B8;SLC39A7,True;True
ENSG00000204659|CBY3|26c7836,ENSMMUG00000052541;ENSMMUG00000043680,;CBY3,True;True
ENSG00000204659|CBY3|52f56aa,ENSMMUG00000052541;ENSMMUG00000043680,;CBY3,True;True
ENSG00000204659|CBY3|9a661f4,ENSMMUG00000052541;ENSMMUG00000043680,;CBY3,True;True
ENSG00000205423|CNEP1R1|5c8f3a6,ENSMMUG00000051827;ENSMMUG00000008365,;CNEP1R1,True;True
ENSG00000205423|CNEP1R1|66db61f,ENSMMUG00000051827;ENSMMUG00000008365,;CNEP1R1,True;True
ENSG00000205423|CNEP1R1|ff7cd6b,ENSMMUG00000051827;ENSMMUG00000008365,;CNEP1R1,True;True
ENSG00000213123|TCTEX1D2|42c9602,ENSMMUG00000064126;ENSMMUG00000061617,;,True;False
ENSG00000213123|TCTEX1D2|97de338,ENSMMUG00000064126;ENSMMUG00000061617,;,True;False
ENSG00000213123|TCTEX1D2|b7070a3,ENSMMUG00000064126;ENSMMUG00000061617,;,True;False
ENSG00000213398|LCAT|0978938,ENSMMUG00000008491;ENSMMUG00000059923,SLC12A4;LCAT,True;True
ENSG00000213398|LCAT|2f46aa7,ENSMMUG00000008491;ENSMMUG00000059923,SLC12A4;LCAT,True;True
ENSG00000213585|VDAC1|85f4243,ENSMMUG00000016235;ENSMMUG00000043867,VDAC1;,True;True
ENSG00000213927|CCL27|36aab33,ENSMMUG00000040429;ENSMMUG00000063055,CCL27;,True;True
ENSG00000213927|CCL27|4bee7cd,ENSMMUG00000040429;ENSMMUG00000063055,CCL27;,True;True
ENSG00000213927|CCL27|8be00b4,ENSMMUG00000040429;ENSMMUG00000063055,CCL27;,True;True
ENSG00000214253|FIS1|19f6808,ENSMMUG00000052148;ENSMMUG00000007839,FIS1;FIS1,True;True
ENSG00000214253|FIS1|4ec336b,ENSMMUG00000052148;ENSMMUG00000007839,FIS1;FIS1,True;True
ENSG00000214253|FIS1|8beee9e,ENSMMUG00000052148;ENSMMUG00000007839,FIS1;FIS1,True;True
ENSG00000215021|PHB2|77b3f7a,ENSMMUG00000010205;ENSMMUG00000029246,PHB2;,True;True
ENSG00000219435|CATSPERZ|2108a80,ENSMMUG00000017802;ENSMMUG00000037770;ENSMMUG00000017803,KCNK4;CATSPERZ;ESRRA,True;True;True
ENSG00000219435|CATSPERZ|64ddd4c,ENSMMUG00000017802;ENSMMUG00000037770,KCNK4;CATSPERZ,True;True
ENSG00000219435|CATSPERZ|b5e6659,ENSMMUG00000017802;ENSMMUG00000037770,KCNK4;CATSPERZ,True;True
ENSG00000222046|DCDC2B|269e771,ENSMMUG00000040207;ENSMMUG00000017718,DCDC2B;IQCC,True;True
ENSG00000222046|DCDC2B|2dd81bf,ENSMMUG00000017718;ENSMMUG00000040207,IQCC;DCDC2B,True;True
ENSG00000222046|DCDC2B|6367ef1,ENSMMUG00000040207;ENSMMUG00000017718,DCDC2B;IQCC,True;True
ENSG00000225828|FAM229A|d56aeab,ENSMMUG00000000352;ENSMMUG00000001264,FAM229A;BSDC1,True;True
ENSG00000228474|OST4|9a14a7e,ENSMMUG00000015169;ENSMMUG00000045826,GOLGA5;OST4,True;True
ENSG00000233436|BTBD18|0049c1e,ENSMMUG00000059121;ENSMMUG00000050844,;,True;True
ENSG00000233436|BTBD18|57fd920,ENSMMUG00000059121;ENSMMUG00000050844,;,True;True
ENSG00000233436|BTBD18|a4a39de,ENSMMUG00000059121;ENSMMUG00000050844,;,True;True
ENSG00000239779|WBP1|5fbf1df,ENSMMUG00000002727;ENSMMUG00000002728,WBP1;,True;True
ENSG00000239779|WBP1|a380a14,ENSMMUG00000002727;ENSMMUG00000002728,WBP1;,True;True
ENSG00000239779|WBP1|f201266,ENSMMUG00000002727;ENSMMUG00000002728,WBP1;,True;True
ENSG00000240505|TNFRSF13B|1ecdac0,ENSMMUG00000064941;ENSMMUG00000005378,;TNFRSF13B,True;True
ENSG00000240505|TNFRSF13B|ca90638,ENSMMUG00000064941;ENSMMUG00000005378,;TNFRSF13B,True;True
ENSG00000240505|TNFRSF13B|f47c997,ENSMMUG00000005378;ENSMMUG00000064941,TNFRSF13B;,True;True
ENSG00000242019|KIR3DL3|f677a1e,ENSMMUG00000009456;ENSMMUG00000029392,KIR3DH;KIR3DL2,False;True
ENSG00000244752|CRYBB2|f85c26f,ENSMMUG00000006853;ENSMMUG00000023790,CRYBB2;GRK3,True;True
ENSG00000248098|BCKDHA|3bf88b1,ENSMMUG00000052114;ENSMMUG00000014346,;TMEM91,False;True
ENSG00000248098|BCKDHA|a196a57,ENSMMUG00000052114;ENSMMUG00000014346,;TMEM91,False;True
ENSG00000248098|BCKDHA|fb7ccdd,ENSMMUG00000052114;ENSMMUG00000014346,;TMEM91,False;True
ENSG00000248099|INSL3|6155086,ENSMMUG00000059261;ENSMMUG00000042375,;INSL3,True;True
ENSG00000248099|INSL3|63e7cd5,ENSMMUG00000059261;ENSMMUG00000042375,;INSL3,True;True
ENSG00000248099|INSL3|815fe3a,ENSMMUG00000059261;ENSMMUG00000042375,;INSL3,True;True
ENSG00000253710|ALG11|7a9cc50,ENSMMUG00000016517;ENSMMUG00000047340,UTP14C;ALG11,True;True
ENSG00000254772|EEF1G|b623808,ENSMMUG00000016009;ENSMMUG00000006598,;EEF1G,True;True
ENSG00000261857|MIA|6281616,ENSMMUG00000013632;ENSMMUG00000022024,;SNRPA,True;False
ENSG00000261857|MIA|c84ec77,ENSMMUG00000013632;ENSMMUG00000022024,;SNRPA,True;False
ENSG00000261857|MIA|fe0c184,ENSMMUG00000013632;ENSMMUG00000022024,;SNRPA,True;False
ENSG00000269858|EGLN2|6d0b4fc,ENSMMUG00000063422;ENSMMUG00000001197,EGLN2;,True;True
ENSG00000269858|EGLN2|7278fce,ENSMMUG00000063422;ENSMMUG00000001197,EGLN2;,True;True
ENSG00000269858|EGLN2|8e7e6b9,ENSMMUG00000063422;ENSMMUG00000001197,EGLN2;,True;True
ENSG00000276950|GSTT4|625f8e8,ENSMMUG00000004556;ENSMMUG00000062936,;,True;True
ENSG00000276950|GSTT4|81b12d4,ENSMMUG00000004556;ENSMMUG00000062936,;,True;True
ENSG00000276950|GSTT4|c239219,ENSMMUG00000062936;ENSMMUG00000004556,;,True;True
ENSG00000102317|RBM3|e8f4871,ENSMMUG00000015396;ENSMMUG00000037648,WDR13;,False;False
ENSG00000104964|TLE5|8e378b6,ENSMMUG00000002913;ENSMMUG00000050313,TLE2;,False;False
ENSG00000143933|CALM2|9174333,ENSMMUG00000017466;ENSMMUG00000046561,;,False;False
ENSG00000163041|H3F3A|fe5b1ac,ENSMMUG00000055584;ENSMMUG00000061303;ENSMMUG00000058037,;;,False;False;False
ENSG00000167186|COQ7|3d21623,ENSMMUG00000006911;ENSMMUG00000011613,TMC7;,False;False
ENSG00000167186|COQ7|684c322,ENSMMUG00000006911;ENSMMUG00000011613,TMC7;,False;False
ENSG00000167186|COQ7|e93f500,ENSMMUG00000006911;ENSMMUG00000011613,TMC7;,False;False
ENSG00000170540|ARL6IP1|ea44f20,ENSMMUG00000005593;ENSMMUG00000057739,;,False;False
ENSG00000171711|DEFB4A|f2ad6f1,ENSMMUG00000050855;ENSMMUG00000055841;ENSMMUG00000039375;ENSMMUG00000058176,;;;DEFB4,False;False;False;False
ENSG00000173812|EIF1|96edf98,ENSMMUG00000019505;ENSMMUG00000049151,;,False;False
ENSG00000178449|COX14|94f0d1f,ENSMMUG00000065304;ENSMMUG00000006532,;GPD1,False;False
ENSG00000178449|COX14|cea6f67,ENSMMUG00000065304;ENSMMUG00000006532,;GPD1,False;False
ENSG00000178449|COX14|fda37f1,ENSMMUG00000065304;ENSMMUG00000006532,;GPD1,False;False
ENSG00000185885|IFITM1|160c0da,ENSMMUG00000061959;ENSMMUG00000013257,;,False;False
ENSG00000188558|OR2G6|5ddd33b,ENSMMUG00000031198;ENSMMUG00000017368,;,False;False
ENSG00000188558|OR2G6|ad62d0f,ENSMMUG00000017368;ENSMMUG00000031198,;,False;False
ENSG00000188558|OR2G6|cb775e9,ENSMMUG00000031198;ENSMMUG00000017368,;,False;False
ENSG00000196502|SULT1A1|5e8a72d,ENSMMUG00000022334;ENSMMUG00000022330,;SULT1A3,False;False
ENSG00000197111|PCBP2|af004b0,ENSMMUG00000006608;ENSMMUG00000016086,;,False;False
ENSG00000204978|ERICH4|2b8613b,ENSMMUG00000051166;ENSMMUG00000014346,;TMEM91,False;False
ENSG00000204978|ERICH4|5a6d912,ENSMMUG00000051166;ENSMMUG00000014346,;TMEM91,False;False
ENSG00000204978|ERICH4|9163491,ENSMMUG00000051166;ENSMMUG00000014346,;TMEM91,False;False
ENSG00000205323|SARNP|7e1e9fe,ENSMMUG00000006293;ENSMMUG00000037731,;,False;False
ENSG00000214046|SMIM7|026f89f,ENSMMUG00000042837;ENSMMUG00000062590,;,False;False
ENSG00000214046|SMIM7|3005b27,ENSMMUG00000042837;ENSMMUG00000062590,;,False;False
ENSG00000214046|SMIM7|a724b55,ENSMMUG00000042837;ENSMMUG00000062590,;,False;False
ENSG00000214046|SMIM7|baa6390,ENSMMUG00000042837;ENSMMUG00000062590,;,False;False
ENSG00000214736|TOMM6|a76defd,ENSMMUG00000012419;ENSMMUG00000064107,;,False;False
ENSG00000230268|SSU72P8|4a3c8b3,ENSMMUG00000063405;ENSMMUG00000056972,;,False;False
ENSG00000230268|SSU72P8|825d036,ENSMMUG00000063405;ENSMMUG00000056972,;,False;False
ENSG00000232859|LYRM9|5eb1ef0,ENSMMUG00000058612;ENSMMUG00000044661,;,False;False
ENSG00000232859|LYRM9|8c7d62e,ENSMMUG00000058612;ENSMMUG00000044661,;,False;False
ENSG00000232859|LYRM9|fc4f7bc,ENSMMUG00000058612;ENSMMUG00000044661,;,False;False
ENSG00000242265|PEG10|22e2f27,ENSMMUG00000032524;ENSMMUG00000053116,;,False;False
ENSG00000242265|PEG10|3149b73,ENSMMUG00000032524;ENSMMUG00000053116,;,False;False
ENSG00000242265|PEG10|420a0fd,ENSMMUG00000032524;ENSMMUG00000053116,;,False;False
ENSG00000254505|CHMP4A|25ce7a5,ENSMMUG00000012493;ENSMMUG00000029407;ENSMMUG00000057956,TM9SF1;TINF2;,False;False;False
ENSG00000254505|CHMP4A|2f03ad8,ENSMMUG00000012493;ENSMMUG00000057956;ENSMMUG00000029407,TM9SF1;;TINF2,False;False;False
ENSG00000254505|CHMP4A|76245e6,ENSMMUG00000012493;ENSMMUG00000029407;ENSMMUG00000057956,TM9SF1;TINF2;,False;False;False
ENSG00000261456|TUBB8|9cde74c,ENSMMUG00000011029;ENSMMUG00000051687,;,False;False
ENSG00000276070|CCL4L2|dae1b96,ENSMMUG00000054210;ENSMMUG00000008111;ENSMMUG00000020102,;;CCL4L1,False;False;False
